--
-- PostgreSQL database dump
--

\restrict YxqZJnhsbF72QgM5kI7ZNBa96erriDFrUvcOlTUCwfRJDR5gWktkD6v0jum1msv

-- Dumped from database version 18.1
-- Dumped by pg_dump version 18.1

SET statement_timeout = 0;
SET lock_timeout = 0;
SET idle_in_transaction_session_timeout = 0;
SET transaction_timeout = 0;
SET client_encoding = 'UTF8';
SET standard_conforming_strings = on;
SELECT pg_catalog.set_config('search_path', '', false);
SET check_function_bodies = false;
SET xmloption = content;
SET client_min_messages = warning;
SET row_security = off;

SET default_tablespace = '';

SET default_table_access_method = heap;

--
-- Name: accounts_profile; Type: TABLE; Schema: public; Owner: postgres
--

CREATE TABLE public.accounts_profile (
    id bigint NOT NULL,
    email character varying(100) NOT NULL,
    email_token character varying(100),
    forget_password_token character varying(100),
    is_verified boolean NOT NULL,
    created_at timestamp with time zone NOT NULL,
    user_id integer NOT NULL
);


ALTER TABLE public.accounts_profile OWNER TO postgres;

--
-- Name: accounts_profile_id_seq; Type: SEQUENCE; Schema: public; Owner: postgres
--

ALTER TABLE public.accounts_profile ALTER COLUMN id ADD GENERATED BY DEFAULT AS IDENTITY (
    SEQUENCE NAME public.accounts_profile_id_seq
    START WITH 1
    INCREMENT BY 1
    NO MINVALUE
    NO MAXVALUE
    CACHE 1
);


--
-- Name: auth_group; Type: TABLE; Schema: public; Owner: postgres
--

CREATE TABLE public.auth_group (
    id integer NOT NULL,
    name character varying(150) NOT NULL
);


ALTER TABLE public.auth_group OWNER TO postgres;

--
-- Name: auth_group_id_seq; Type: SEQUENCE; Schema: public; Owner: postgres
--

ALTER TABLE public.auth_group ALTER COLUMN id ADD GENERATED BY DEFAULT AS IDENTITY (
    SEQUENCE NAME public.auth_group_id_seq
    START WITH 1
    INCREMENT BY 1
    NO MINVALUE
    NO MAXVALUE
    CACHE 1
);


--
-- Name: auth_group_permissions; Type: TABLE; Schema: public; Owner: postgres
--

CREATE TABLE public.auth_group_permissions (
    id bigint NOT NULL,
    group_id integer NOT NULL,
    permission_id integer NOT NULL
);


ALTER TABLE public.auth_group_permissions OWNER TO postgres;

--
-- Name: auth_group_permissions_id_seq; Type: SEQUENCE; Schema: public; Owner: postgres
--

ALTER TABLE public.auth_group_permissions ALTER COLUMN id ADD GENERATED BY DEFAULT AS IDENTITY (
    SEQUENCE NAME public.auth_group_permissions_id_seq
    START WITH 1
    INCREMENT BY 1
    NO MINVALUE
    NO MAXVALUE
    CACHE 1
);


--
-- Name: auth_permission; Type: TABLE; Schema: public; Owner: postgres
--

CREATE TABLE public.auth_permission (
    id integer NOT NULL,
    name character varying(255) NOT NULL,
    content_type_id integer NOT NULL,
    codename character varying(100) NOT NULL
);


ALTER TABLE public.auth_permission OWNER TO postgres;

--
-- Name: auth_permission_id_seq; Type: SEQUENCE; Schema: public; Owner: postgres
--

ALTER TABLE public.auth_permission ALTER COLUMN id ADD GENERATED BY DEFAULT AS IDENTITY (
    SEQUENCE NAME public.auth_permission_id_seq
    START WITH 1
    INCREMENT BY 1
    NO MINVALUE
    NO MAXVALUE
    CACHE 1
);


--
-- Name: auth_user; Type: TABLE; Schema: public; Owner: postgres
--

CREATE TABLE public.auth_user (
    id integer NOT NULL,
    password character varying(128) NOT NULL,
    last_login timestamp with time zone,
    is_superuser boolean NOT NULL,
    username character varying(150) NOT NULL,
    first_name character varying(150) NOT NULL,
    last_name character varying(150) NOT NULL,
    email character varying(254) NOT NULL,
    is_staff boolean NOT NULL,
    is_active boolean NOT NULL,
    date_joined timestamp with time zone NOT NULL
);


ALTER TABLE public.auth_user OWNER TO postgres;

--
-- Name: auth_user_groups; Type: TABLE; Schema: public; Owner: postgres
--

CREATE TABLE public.auth_user_groups (
    id bigint NOT NULL,
    user_id integer NOT NULL,
    group_id integer NOT NULL
);


ALTER TABLE public.auth_user_groups OWNER TO postgres;

--
-- Name: auth_user_groups_id_seq; Type: SEQUENCE; Schema: public; Owner: postgres
--

ALTER TABLE public.auth_user_groups ALTER COLUMN id ADD GENERATED BY DEFAULT AS IDENTITY (
    SEQUENCE NAME public.auth_user_groups_id_seq
    START WITH 1
    INCREMENT BY 1
    NO MINVALUE
    NO MAXVALUE
    CACHE 1
);


--
-- Name: auth_user_id_seq; Type: SEQUENCE; Schema: public; Owner: postgres
--

ALTER TABLE public.auth_user ALTER COLUMN id ADD GENERATED BY DEFAULT AS IDENTITY (
    SEQUENCE NAME public.auth_user_id_seq
    START WITH 1
    INCREMENT BY 1
    NO MINVALUE
    NO MAXVALUE
    CACHE 1
);


--
-- Name: auth_user_user_permissions; Type: TABLE; Schema: public; Owner: postgres
--

CREATE TABLE public.auth_user_user_permissions (
    id bigint NOT NULL,
    user_id integer NOT NULL,
    permission_id integer NOT NULL
);


ALTER TABLE public.auth_user_user_permissions OWNER TO postgres;

--
-- Name: auth_user_user_permissions_id_seq; Type: SEQUENCE; Schema: public; Owner: postgres
--

ALTER TABLE public.auth_user_user_permissions ALTER COLUMN id ADD GENERATED BY DEFAULT AS IDENTITY (
    SEQUENCE NAME public.auth_user_user_permissions_id_seq
    START WITH 1
    INCREMENT BY 1
    NO MINVALUE
    NO MAXVALUE
    CACHE 1
);


--
-- Name: book_author; Type: TABLE; Schema: public; Owner: postgres
--

CREATE TABLE public.book_author (
    id bigint NOT NULL,
    author_name character varying(100) CONSTRAINT book_author_name_not_null NOT NULL,
    date_of_birth date,
    date_of_death date
);


ALTER TABLE public.book_author OWNER TO postgres;

--
-- Name: book_author_id_seq; Type: SEQUENCE; Schema: public; Owner: postgres
--

ALTER TABLE public.book_author ALTER COLUMN id ADD GENERATED BY DEFAULT AS IDENTITY (
    SEQUENCE NAME public.book_author_id_seq
    START WITH 1
    INCREMENT BY 1
    NO MINVALUE
    NO MAXVALUE
    CACHE 1
);


--
-- Name: book_book; Type: TABLE; Schema: public; Owner: postgres
--

CREATE TABLE public.book_book (
    id bigint NOT NULL,
    "B_title" character varying(200) NOT NULL,
    created_at timestamp with time zone,
    language character varying(100) NOT NULL,
    author_id bigint,
    library_id bigint,
    total_volumes integer,
    status character varying(20) NOT NULL,
    CONSTRAINT book_book_total_volumes_check CHECK ((total_volumes >= 0))
);


ALTER TABLE public.book_book OWNER TO postgres;

--
-- Name: book_book_id_seq; Type: SEQUENCE; Schema: public; Owner: postgres
--

ALTER TABLE public.book_book ALTER COLUMN id ADD GENERATED BY DEFAULT AS IDENTITY (
    SEQUENCE NAME public.book_book_id_seq
    START WITH 1
    INCREMENT BY 1
    NO MINVALUE
    NO MAXVALUE
    CACHE 1
);


--
-- Name: book_catagory; Type: TABLE; Schema: public; Owner: postgres
--

CREATE TABLE public.book_catagory (
    id bigint NOT NULL,
    catagory_name character varying(100) NOT NULL,
    slug character varying(50) NOT NULL
);


ALTER TABLE public.book_catagory OWNER TO postgres;

--
-- Name: book_catagory_id_seq; Type: SEQUENCE; Schema: public; Owner: postgres
--

ALTER TABLE public.book_catagory ALTER COLUMN id ADD GENERATED BY DEFAULT AS IDENTITY (
    SEQUENCE NAME public.book_catagory_id_seq
    START WITH 1
    INCREMENT BY 1
    NO MINVALUE
    NO MAXVALUE
    CACHE 1
);


--
-- Name: book_librarybranch; Type: TABLE; Schema: public; Owner: postgres
--

CREATE TABLE public.book_librarybranch (
    id bigint NOT NULL,
    "Library_name" character varying(100) NOT NULL,
    location character varying(200) NOT NULL,
    city character varying(100) NOT NULL
);


ALTER TABLE public.book_librarybranch OWNER TO postgres;

--
-- Name: book_librarybranch_id_seq; Type: SEQUENCE; Schema: public; Owner: postgres
--

ALTER TABLE public.book_librarybranch ALTER COLUMN id ADD GENERATED BY DEFAULT AS IDENTITY (
    SEQUENCE NAME public.book_librarybranch_id_seq
    START WITH 1
    INCREMENT BY 1
    NO MINVALUE
    NO MAXVALUE
    CACHE 1
);


--
-- Name: book_publisher; Type: TABLE; Schema: public; Owner: postgres
--

CREATE TABLE public.book_publisher (
    id bigint NOT NULL,
    "Publisher_name" character varying(100) NOT NULL
);


ALTER TABLE public.book_publisher OWNER TO postgres;

--
-- Name: book_publisher_id_seq; Type: SEQUENCE; Schema: public; Owner: postgres
--

ALTER TABLE public.book_publisher ALTER COLUMN id ADD GENERATED BY DEFAULT AS IDENTITY (
    SEQUENCE NAME public.book_publisher_id_seq
    START WITH 1
    INCREMENT BY 1
    NO MINVALUE
    NO MAXVALUE
    CACHE 1
);


--
-- Name: book_tag; Type: TABLE; Schema: public; Owner: postgres
--

CREATE TABLE public.book_tag (
    id bigint NOT NULL,
    tag_name character varying(50) NOT NULL,
    slug character varying(50) NOT NULL
);


ALTER TABLE public.book_tag OWNER TO postgres;

--
-- Name: book_tag_id_seq; Type: SEQUENCE; Schema: public; Owner: postgres
--

ALTER TABLE public.book_tag ALTER COLUMN id ADD GENERATED BY DEFAULT AS IDENTITY (
    SEQUENCE NAME public.book_tag_id_seq
    START WITH 1
    INCREMENT BY 1
    NO MINVALUE
    NO MAXVALUE
    CACHE 1
);


--
-- Name: django_admin_log; Type: TABLE; Schema: public; Owner: postgres
--

CREATE TABLE public.django_admin_log (
    id integer NOT NULL,
    action_time timestamp with time zone NOT NULL,
    object_id text,
    object_repr character varying(200) NOT NULL,
    action_flag smallint NOT NULL,
    change_message text NOT NULL,
    content_type_id integer,
    user_id integer NOT NULL,
    CONSTRAINT django_admin_log_action_flag_check CHECK ((action_flag >= 0))
);


ALTER TABLE public.django_admin_log OWNER TO postgres;

--
-- Name: django_admin_log_id_seq; Type: SEQUENCE; Schema: public; Owner: postgres
--

ALTER TABLE public.django_admin_log ALTER COLUMN id ADD GENERATED BY DEFAULT AS IDENTITY (
    SEQUENCE NAME public.django_admin_log_id_seq
    START WITH 1
    INCREMENT BY 1
    NO MINVALUE
    NO MAXVALUE
    CACHE 1
);


--
-- Name: django_content_type; Type: TABLE; Schema: public; Owner: postgres
--

CREATE TABLE public.django_content_type (
    id integer NOT NULL,
    app_label character varying(100) NOT NULL,
    model character varying(100) NOT NULL
);


ALTER TABLE public.django_content_type OWNER TO postgres;

--
-- Name: django_content_type_id_seq; Type: SEQUENCE; Schema: public; Owner: postgres
--

ALTER TABLE public.django_content_type ALTER COLUMN id ADD GENERATED BY DEFAULT AS IDENTITY (
    SEQUENCE NAME public.django_content_type_id_seq
    START WITH 1
    INCREMENT BY 1
    NO MINVALUE
    NO MAXVALUE
    CACHE 1
);


--
-- Name: django_migrations; Type: TABLE; Schema: public; Owner: postgres
--

CREATE TABLE public.django_migrations (
    id bigint NOT NULL,
    app character varying(255) NOT NULL,
    name character varying(255) NOT NULL,
    applied timestamp with time zone NOT NULL
);


ALTER TABLE public.django_migrations OWNER TO postgres;

--
-- Name: django_migrations_id_seq; Type: SEQUENCE; Schema: public; Owner: postgres
--

ALTER TABLE public.django_migrations ALTER COLUMN id ADD GENERATED BY DEFAULT AS IDENTITY (
    SEQUENCE NAME public.django_migrations_id_seq
    START WITH 1
    INCREMENT BY 1
    NO MINVALUE
    NO MAXVALUE
    CACHE 1
);


--
-- Name: django_session; Type: TABLE; Schema: public; Owner: postgres
--

CREATE TABLE public.django_session (
    session_key character varying(40) NOT NULL,
    session_data text NOT NULL,
    expire_date timestamp with time zone NOT NULL
);


ALTER TABLE public.django_session OWNER TO postgres;

--
-- Name: transactions_transaction; Type: TABLE; Schema: public; Owner: postgres
--

CREATE TABLE public.transactions_transaction (
    id bigint NOT NULL,
    customer character varying(150) NOT NULL,
    transaction_date date NOT NULL,
    due_date date NOT NULL,
    total numeric(20,2) NOT NULL,
    status character varying(20) NOT NULL
);


ALTER TABLE public.transactions_transaction OWNER TO postgres;

--
-- Name: transactions_transaction_id_seq; Type: SEQUENCE; Schema: public; Owner: postgres
--

ALTER TABLE public.transactions_transaction ALTER COLUMN id ADD GENERATED BY DEFAULT AS IDENTITY (
    SEQUENCE NAME public.transactions_transaction_id_seq
    START WITH 1
    INCREMENT BY 1
    NO MINVALUE
    NO MAXVALUE
    CACHE 1
);


--
-- Data for Name: accounts_profile; Type: TABLE DATA; Schema: public; Owner: postgres
--

COPY public.accounts_profile (id, email, email_token, forget_password_token, is_verified, created_at, user_id) FROM stdin;
1	sisagarbd@gmail.com	\N	\N	f	2026-02-08 15:38:49.742393+06	1
\.


--
-- Data for Name: auth_group; Type: TABLE DATA; Schema: public; Owner: postgres
--

COPY public.auth_group (id, name) FROM stdin;
\.


--
-- Data for Name: auth_group_permissions; Type: TABLE DATA; Schema: public; Owner: postgres
--

COPY public.auth_group_permissions (id, group_id, permission_id) FROM stdin;
\.


--
-- Data for Name: auth_permission; Type: TABLE DATA; Schema: public; Owner: postgres
--

COPY public.auth_permission (id, name, content_type_id, codename) FROM stdin;
1	Can add book	1	add_book
2	Can change book	1	change_book
3	Can delete book	1	delete_book
4	Can view book	1	view_book
5	Can add author	2	add_author
6	Can change author	2	change_author
7	Can delete author	2	delete_author
8	Can view author	2	view_author
9	Can add publisher	3	add_publisher
10	Can change publisher	3	change_publisher
11	Can delete publisher	3	delete_publisher
12	Can view publisher	3	view_publisher
13	Can add catagory	4	add_catagory
14	Can change catagory	4	change_catagory
15	Can delete catagory	4	delete_catagory
16	Can view catagory	4	view_catagory
17	Can add tag	5	add_tag
18	Can change tag	5	change_tag
19	Can delete tag	5	delete_tag
20	Can view tag	5	view_tag
21	Can add library branch	6	add_librarybranch
22	Can change library branch	6	change_librarybranch
23	Can delete library branch	6	delete_librarybranch
24	Can view library branch	6	view_librarybranch
25	Can add log entry	7	add_logentry
26	Can change log entry	7	change_logentry
27	Can delete log entry	7	delete_logentry
28	Can view log entry	7	view_logentry
29	Can add permission	8	add_permission
30	Can change permission	8	change_permission
31	Can delete permission	8	delete_permission
32	Can view permission	8	view_permission
33	Can add group	9	add_group
34	Can change group	9	change_group
35	Can delete group	9	delete_group
36	Can view group	9	view_group
37	Can add user	10	add_user
38	Can change user	10	change_user
39	Can delete user	10	delete_user
40	Can view user	10	view_user
41	Can add content type	11	add_contenttype
42	Can change content type	11	change_contenttype
43	Can delete content type	11	delete_contenttype
44	Can view content type	11	view_contenttype
45	Can add session	12	add_session
46	Can change session	12	change_session
47	Can delete session	12	delete_session
48	Can view session	12	view_session
49	Can add transaction	13	add_transaction
50	Can change transaction	13	change_transaction
51	Can delete transaction	13	delete_transaction
52	Can view transaction	13	view_transaction
53	Can add User Profile	14	add_profile
54	Can change User Profile	14	change_profile
55	Can delete User Profile	14	delete_profile
56	Can view User Profile	14	view_profile
\.


--
-- Data for Name: auth_user; Type: TABLE DATA; Schema: public; Owner: postgres
--

COPY public.auth_user (id, password, last_login, is_superuser, username, first_name, last_name, email, is_staff, is_active, date_joined) FROM stdin;
1	pbkdf2_sha256$1000000$6rMOiyZivE9Zf6mprOyNrv$cfK0z9Ql7ETPtgJr556RwSx71ehRbDWMSIy6NYcXJLQ=	2026-02-15 00:30:36.657633+06	t	sagar			sisagarbd@gmail.com	t	t	2026-02-08 15:38:49.400394+06
\.


--
-- Data for Name: auth_user_groups; Type: TABLE DATA; Schema: public; Owner: postgres
--

COPY public.auth_user_groups (id, user_id, group_id) FROM stdin;
\.


--
-- Data for Name: auth_user_user_permissions; Type: TABLE DATA; Schema: public; Owner: postgres
--

COPY public.auth_user_user_permissions (id, user_id, permission_id) FROM stdin;
\.


--
-- Data for Name: book_author; Type: TABLE DATA; Schema: public; Owner: postgres
--

COPY public.book_author (id, author_name, date_of_birth, date_of_death) FROM stdin;
1	sagar	\N	\N
\.


--
-- Data for Name: book_book; Type: TABLE DATA; Schema: public; Owner: postgres
--

COPY public.book_book (id, "B_title", created_at, language, author_id, library_id, total_volumes, status) FROM stdin;
1	Untitledfads	2026-02-08 15:40:27.842069+06	urdu	1	\N	\N	draft
2	Untitledfads12	2026-02-08 15:42:18.893149+06	urdu	1	1	\N	draft
3	test voulme	2026-02-08 15:45:17.339496+06	urdu	1	1	3	draft
4	test voulmeadfs	2026-02-08 15:47:31.450946+06	urdua	1	1	3	draft
5	test voulmeadfs	2026-02-08 15:47:55.257014+06	urdua	1	1	3	draft
6	test voulmeadfs - Copy 1	2026-02-08 15:47:55.258016+06	urdua	1	1	1	draft
7	test voulmeadfs - Copy 2	2026-02-08 15:47:55.259016+06	urdua	1	1	1	draft
8	test voulmeadfs - Copy 3	2026-02-08 15:47:55.259016+06	urdua	1	1	1	draft
9	ne vol	2026-02-08 15:48:51.097251+06	hindi	1	1	5	draft
10	ne vol - Copy 1	2026-02-08 15:48:51.098248+06	hindi	1	1	1	draft
11	ne vol - Copy 2	2026-02-08 15:48:51.098248+06	hindi	1	1	1	draft
12	ne vol - Copy 3	2026-02-08 15:48:51.099248+06	hindi	1	1	1	draft
13	ne vol - Copy 4	2026-02-08 15:48:51.099248+06	hindi	1	1	1	draft
14	ne vol - Copy 5	2026-02-08 15:48:51.100251+06	hindi	1	1	1	draft
15	mobiile	2026-02-08 16:09:55.131653+06	English	1	1	2	draft
17	mobiile - Copy 2	2026-02-08 16:09:55.149653+06	English	1	1	1	draft
18	xvcsdf	2026-02-08 16:10:15.773374+06	English	1	1	\N	draft
19	programming	2026-02-08 16:11:42.438064+06	afasdf	1	1	\N	draft
20	code	2026-02-08 16:11:56.469562+06	afasdf	1	1	3	draft
21	code - Copy 1	2026-02-08 16:11:56.470562+06	afasdf	1	1	1	draft
22	code - Copy 2	2026-02-08 16:11:56.471562+06	afasdf	1	1	1	draft
23	code - Copy 3	2026-02-08 16:11:56.472566+06	afasdf	1	1	1	draft
26	Programming C#	2026-02-09 11:21:06.011056+06	Englishasd	1	1	1	draft
25	asdfaasd22	2026-02-08 17:53:31.908652+06	Englishasd	1	1	1	borrowed
16	mobiile - Copy 1	2026-02-08 16:09:55.149653+06	English	1	1	1	published
\.


--
-- Data for Name: book_catagory; Type: TABLE DATA; Schema: public; Owner: postgres
--

COPY public.book_catagory (id, catagory_name, slug) FROM stdin;
1	dfeafkl	dslakjk
\.


--
-- Data for Name: book_librarybranch; Type: TABLE DATA; Schema: public; Owner: postgres
--

COPY public.book_librarybranch (id, "Library_name", location, city) FROM stdin;
1	Hazratpur	dhaka	dhaka
2	Mirpur	Mirpur Pallabi	Dhaka
\.


--
-- Data for Name: book_publisher; Type: TABLE DATA; Schema: public; Owner: postgres
--

COPY public.book_publisher (id, "Publisher_name") FROM stdin;
\.


--
-- Data for Name: book_tag; Type: TABLE DATA; Schema: public; Owner: postgres
--

COPY public.book_tag (id, tag_name, slug) FROM stdin;
\.


--
-- Data for Name: django_admin_log; Type: TABLE DATA; Schema: public; Owner: postgres
--

COPY public.django_admin_log (id, action_time, object_id, object_repr, action_flag, change_message, content_type_id, user_id) FROM stdin;
1	2026-02-08 15:41:52.814408+06	1	karaniganj	1	[{"added": {}}]	6	1
2	2026-02-14 10:06:15.081636+06	1	dfeafkl	1	[{"added": {}}]	4	1
3	2026-02-15 00:43:40.647469+06	25	asdfaasd22	2	[{"changed": {"fields": ["Status"]}}]	1	1
4	2026-02-15 00:43:45.807622+06	16	mobiile - Copy 1	2	[{"changed": {"fields": ["Status"]}}]	1	1
5	2026-02-15 00:44:46.145111+06	1	Hazratpur	2	[{"changed": {"fields": ["Library name"]}}]	6	1
6	2026-02-15 00:45:07.95869+06	2	Mirpur	1	[{"added": {}}]	6	1
\.


--
-- Data for Name: django_content_type; Type: TABLE DATA; Schema: public; Owner: postgres
--

COPY public.django_content_type (id, app_label, model) FROM stdin;
1	book	book
2	book	author
3	book	publisher
4	book	catagory
5	book	tag
6	book	librarybranch
7	admin	logentry
8	auth	permission
9	auth	group
10	auth	user
11	contenttypes	contenttype
12	sessions	session
13	transactions	transaction
14	accounts	profile
\.


--
-- Data for Name: django_migrations; Type: TABLE DATA; Schema: public; Owner: postgres
--

COPY public.django_migrations (id, app, name, applied) FROM stdin;
1	contenttypes	0001_initial	2026-02-08 15:38:14.300534+06
2	auth	0001_initial	2026-02-08 15:38:14.337535+06
3	accounts	0001_initial	2026-02-08 15:38:14.347537+06
4	admin	0001_initial	2026-02-08 15:38:14.361537+06
5	admin	0002_logentry_remove_auto_add	2026-02-08 15:38:14.366536+06
6	admin	0003_logentry_add_action_flag_choices	2026-02-08 15:38:14.370536+06
7	contenttypes	0002_remove_content_type_name	2026-02-08 15:38:14.378537+06
8	auth	0002_alter_permission_name_max_length	2026-02-08 15:38:14.385537+06
9	auth	0003_alter_user_email_max_length	2026-02-08 15:38:14.390537+06
10	auth	0004_alter_user_username_opts	2026-02-08 15:38:14.394536+06
11	auth	0005_alter_user_last_login_null	2026-02-08 15:38:14.398535+06
12	auth	0006_require_contenttypes_0002	2026-02-08 15:38:14.400535+06
13	auth	0007_alter_validators_add_error_messages	2026-02-08 15:38:14.408535+06
14	auth	0008_alter_user_username_max_length	2026-02-08 15:38:14.416536+06
15	auth	0009_alter_user_last_name_max_length	2026-02-08 15:38:14.422536+06
16	auth	0010_alter_group_name_max_length	2026-02-08 15:38:14.427538+06
17	auth	0011_update_proxy_permissions	2026-02-08 15:38:14.433536+06
18	auth	0012_alter_user_first_name_max_length	2026-02-08 15:38:14.437536+06
19	book	0001_initial	2026-02-08 15:38:14.440535+06
20	book	0002_book_b_title	2026-02-08 15:38:14.442536+06
21	book	0003_alter_book_b_title	2026-02-08 15:38:14.446535+06
22	book	0004_author_remove_book_customer	2026-02-08 15:38:14.449537+06
23	book	0005_author_date_of_birth_author_date_of_death	2026-02-08 15:38:14.452535+06
24	book	0006_remove_book_due_date_remove_book_total_and_more	2026-02-08 15:38:14.460539+06
25	book	0007_book_author	2026-02-08 15:38:14.464535+06
26	book	0008_publisher_book_added_by_book_book_type_book_ddc_no_and_more	2026-02-08 15:38:14.536536+06
27	book	0009_remove_publisher_country	2026-02-08 15:38:14.538536+06
28	book	0010_catalog_book_created_at	2026-02-08 15:38:14.548536+06
29	book	0011_catagory_delete_catalog_and_more	2026-02-08 15:38:14.556535+06
30	book	0012_tag_remove_book_topic_book_catagory_remove_book_tags_and_more	2026-02-08 15:38:14.592535+06
31	book	0013_librarybranch_book_library	2026-02-08 15:38:14.609535+06
32	book	0014_book_shelf_no	2026-02-08 15:38:14.617536+06
33	book	0015_remove_book_added_by_remove_book_author_and_more	2026-02-08 15:38:14.673535+06
34	book	0016_book_language	2026-02-08 15:38:14.677538+06
35	book	0017_book_author	2026-02-08 15:38:14.681536+06
36	book	0018_book_library	2026-02-08 15:38:14.684535+06
37	sessions	0001_initial	2026-02-08 15:38:14.689536+06
38	transactions	0001_initial	2026-02-08 15:38:14.692535+06
39	book	0019_book_total_volumes	2026-02-08 15:44:53.02682+06
40	book	0020_book_status	2026-02-08 17:02:40.51554+06
41	book	0021_remove_book_status	2026-02-08 17:53:13.975752+06
42	book	0022_book_status	2026-02-15 00:43:26.197158+06
\.


--
-- Data for Name: django_session; Type: TABLE DATA; Schema: public; Owner: postgres
--

COPY public.django_session (session_key, session_data, expire_date) FROM stdin;
qwlfg6dnri7c67xssum6dhwbx7fuuyya	.eJxVjEsOAiEQBe_C2hCaBhSX7j0D6eYjowaSYWZlvLtOMgvdvqp6LxFoXWpYR57DlMRZgDj8bkzxkdsG0p3arcvY2zJPLDdF7nTIa0_5edndv4NKo37r6Lgga1MMxmIJTzqRxlQiJzDOxaMqymdLrDEzZMsGNXgPgMqxtk68PwEiN-U:1vp1Fo:jzYJH-dqYbrgrGU-GK2KEDErLh35uehmypMLELhmTko	2026-02-08 16:38:56.895459+06
nwlme0dghdj6yyrw7a9dj3r400ig8e43	.eJxVjEsOAiEQBe_C2hCaBhSX7j0D6eYjowaSYWZlvLtOMgvdvqp6LxFoXWpYR57DlMRZgDj8bkzxkdsG0p3arcvY2zJPLDdF7nTIa0_5edndv4NKo37r6Lgga1MMxmIJTzqRxlQiJzDOxaMqymdLrDEzZMsGNXgPgMqxtk68PwEiN-U:1vp2QT:MUgA9pfzCch54jqOSI8yB4MmFQirxPzcqsb1UnOxpcA	2026-02-08 17:54:01.763251+06
r2rjbjzlsmceekidx11tbdx49j9nqdtp	.eJxVjEsOAiEQBe_C2hCaBhSX7j0D6eYjowaSYWZlvLtOMgvdvqp6LxFoXWpYR57DlMRZgDj8bkzxkdsG0p3arcvY2zJPLDdF7nTIa0_5edndv4NKo37r6Lgga1MMxmIJTzqRxlQiJzDOxaMqymdLrDEzZMsGNXgPgMqxtk68PwEiN-U:1vp3N1:IxN1LQSa4lDF5aGiQeecjESQa6UOqNZCevD4gfqBmNQ	2026-02-08 18:54:31.945334+06
wtm40hm5t0yaxh9d5wbe6qz394ne0rse	.eJxVjEsOAiEQBe_C2hCaBhSX7j0D6eYjowaSYWZlvLtOMgvdvqp6LxFoXWpYR57DlMRZgDj8bkzxkdsG0p3arcvY2zJPLDdF7nTIa0_5edndv4NKo37r6Lgga1MMxmIJTzqRxlQiJzDOxaMqymdLrDEzZMsGNXgPgMqxtk68PwEiN-U:1vpIS4:pDl-QDqfU6nntbJc-GyQUF8FeChAoMrdjSqSXu37KxM	2026-02-09 11:00:44.873341+06
uzddtde2ixiemrnye124e1v4479pwe29	.eJxVjEsOAiEQBe_C2hCaBhSX7j0D6eYjowaSYWZlvLtOMgvdvqp6LxFoXWpYR57DlMRZgDj8bkzxkdsG0p3arcvY2zJPLDdF7nTIa0_5edndv4NKo37r6Lgga1MMxmIJTzqRxlQiJzDOxaMqymdLrDEzZMsGNXgPgMqxtk68PwEiN-U:1vpJhT:08mdpOAHXIsLWoyfoDeUMgSm22OILiAJTpaRoKE4jhE	2026-02-09 12:20:43.859535+06
ao6gbhn6eqbht1plng02wj8xez83wy8n	.eJxVjEsOAiEQBe_C2hCaBhSX7j0D6eYjowaSYWZlvLtOMgvdvqp6LxFoXWpYR57DlMRZgDj8bkzxkdsG0p3arcvY2zJPLDdF7nTIa0_5edndv4NKo37r6Lgga1MMxmIJTzqRxlQiJzDOxaMqymdLrDEzZMsGNXgPgMqxtk68PwEiN-U:1vpKdc:C3QwyVveXImiYqDtx_wbUaLNiuAvdblwVCoJD4eW_v4	2026-02-09 13:20:48.7697+06
uiiknpx2xj5ucd09g9lodj1pj9a98qnq	.eJxVjEsOAiEQBe_C2hCaBhSX7j0D6eYjowaSYWZlvLtOMgvdvqp6LxFoXWpYR57DlMRZgDj8bkzxkdsG0p3arcvY2zJPLDdF7nTIa0_5edndv4NKo37r6Lgga1MMxmIJTzqRxlQiJzDOxaMqymdLrDEzZMsGNXgPgMqxtk68PwEiN-U:1vr0te:sM0ZB6iYFVK8tq4ccmJfsjU16otouiaDlr18t0nR1Dk	2026-02-14 04:40:18.45219+06
j2a5md590hd7g8df059ulzvrm4cyff6n	.eJxVjEsOAiEQBe_C2hCaBhSX7j0D6eYjowaSYWZlvLtOMgvdvqp6LxFoXWpYR57DlMRZgDj8bkzxkdsG0p3arcvY2zJPLDdF7nTIa0_5edndv4NKo37r6Lgga1MMxmIJTzqRxlQiJzDOxaMqymdLrDEzZMsGNXgPgMqxtk68PwEiN-U:1vr2Hh:LjinVZvCuEHYrrj0ORBTLIX1XWH5PPQuctqzQ95bgxc	2026-02-14 06:09:13.378153+06
muma14i3citiu2n67knn6lcx8jc83h9c	.eJxVjEsOAiEQBe_C2hCaBhSX7j0D6eYjowaSYWZlvLtOMgvdvqp6LxFoXWpYR57DlMRZgDj8bkzxkdsG0p3arcvY2zJPLDdF7nTIa0_5edndv4NKo37r6Lgga1MMxmIJTzqRxlQiJzDOxaMqymdLrDEzZMsGNXgPgMqxtk68PwEiN-U:1vr3Lv:THMUXnyXZzI160CDS6Y4jcljuePpDy-gOdtJGR6hiNk	2026-02-14 07:17:39.293994+06
chi35rtzdwqx3yu4bpqczldz449qkqpp	.eJxVjEsOAiEQBe_C2hCaBhSX7j0D6eYjowaSYWZlvLtOMgvdvqp6LxFoXWpYR57DlMRZgDj8bkzxkdsG0p3arcvY2zJPLDdF7nTIa0_5edndv4NKo37r6Lgga1MMxmIJTzqRxlQiJzDOxaMqymdLrDEzZMsGNXgPgMqxtk68PwEiN-U:1vr4Ie:lfV_4TRatrxF2S7AyYMthGGNQ3C88tI2vn6Rl3w7B-o	2026-02-14 08:18:20.443089+06
18ge1x4kd0yy1wzr3nua2h9cd8w6ph0b	.eJxVjEsOAiEQBe_C2hCaBhSX7j0D6eYjowaSYWZlvLtOMgvdvqp6LxFoXWpYR57DlMRZgDj8bkzxkdsG0p3arcvY2zJPLDdF7nTIa0_5edndv4NKo37r6Lgga1MMxmIJTzqRxlQiJzDOxaMqymdLrDEzZMsGNXgPgMqxtk68PwEiN-U:1vr5GQ:mep7cgSU1EPnBxTsNZuwjJHzQHHKyb6CVrq4HW49V4E	2026-02-14 09:20:06.873835+06
xvod0mn5605s3qc5xqkq2bfo39sh2pnz	.eJxVjEsOAiEQBe_C2hCaBhSX7j0D6eYjowaSYWZlvLtOMgvdvqp6LxFoXWpYR57DlMRZgDj8bkzxkdsG0p3arcvY2zJPLDdF7nTIa0_5edndv4NKo37r6Lgga1MMxmIJTzqRxlQiJzDOxaMqymdLrDEzZMsGNXgPgMqxtk68PwEiN-U:1vr6Cc:6dfP5Ub_E5XIbk0uoHN8SCIM6M0KytaxkQh0GWXpbb8	2026-02-14 10:20:14.314247+06
clyg8smm8xsvwa38tj65tjds9mckg7wb	.eJxVjEsOAiEQBe_C2hCaBhSX7j0D6eYjowaSYWZlvLtOMgvdvqp6LxFoXWpYR57DlMRZgDj8bkzxkdsG0p3arcvY2zJPLDdF7nTIa0_5edndv4NKo37r6Lgga1MMxmIJTzqRxlQiJzDOxaMqymdLrDEzZMsGNXgPgMqxtk68PwEiN-U:1vr7FX:8Aum-sTtKXOXcYuvDZ6-YxocGWcY8uESTBZ4_dMNFFM	2026-02-14 11:27:19.008502+06
mx1wuevgajsyvwvjf7yq89ruknoxemon	.eJxVjEsOAiEQBe_C2hCaBhSX7j0D6eYjowaSYWZlvLtOMgvdvqp6LxFoXWpYR57DlMRZgDj8bkzxkdsG0p3arcvY2zJPLDdF7nTIa0_5edndv4NKo37r6Lgga1MMxmIJTzqRxlQiJzDOxaMqymdLrDEzZMsGNXgPgMqxtk68PwEiN-U:1vr8Za:MEXsMI_3iWEPtz_mijD1nYzXiuxcVAmgmVTDDu6gpU8	2026-02-14 12:52:06.940381+06
btoc7iu16pqe8dca871ikhifbyvas6lk	.eJxVjEsOAiEQBe_C2hCaBhSX7j0D6eYjowaSYWZlvLtOMgvdvqp6LxFoXWpYR57DlMRZgDj8bkzxkdsG0p3arcvY2zJPLDdF7nTIa0_5edndv4NKo37r6Lgga1MMxmIJTzqRxlQiJzDOxaMqymdLrDEzZMsGNXgPgMqxtk68PwEiN-U:1vr9Cb:PJW7QdG12Fpj1E3Afh9ZEsiEKOU3LGJs96P9krhkzDo	2026-02-14 13:32:25.644211+06
zjw31fs505ph9563hon2qizapw9awklx	.eJxVjEsOAiEQBe_C2hCaBhSX7j0D6eYjowaSYWZlvLtOMgvdvqp6LxFoXWpYR57DlMRZgDj8bkzxkdsG0p3arcvY2zJPLDdF7nTIa0_5edndv4NKo37r6Lgga1MMxmIJTzqRxlQiJzDOxaMqymdLrDEzZMsGNXgPgMqxtk68PwEiN-U:1vrF1j:gb3grMoiCwwosrMAg-H37bhSZvWbV_IN-5XjpnNKpfc	2026-02-14 19:45:35.943391+06
lpuv0qbfrduuj6ngizd4nqfr61o5mmlm	.eJxVjEsOAiEQBe_C2hCaBhSX7j0D6eYjowaSYWZlvLtOMgvdvqp6LxFoXWpYR57DlMRZgDj8bkzxkdsG0p3arcvY2zJPLDdF7nTIa0_5edndv4NKo37r6Lgga1MMxmIJTzqRxlQiJzDOxaMqymdLrDEzZMsGNXgPgMqxtk68PwEiN-U:1vrKPc:Cjq0uFp38LK_gfyv7Jg_3SdWwD5STAoZf4R0gTHmkC4	2026-02-15 01:30:36.662639+06
\.


--
-- Data for Name: transactions_transaction; Type: TABLE DATA; Schema: public; Owner: postgres
--

COPY public.transactions_transaction (id, customer, transaction_date, due_date, total, status) FROM stdin;
\.


--
-- Name: accounts_profile_id_seq; Type: SEQUENCE SET; Schema: public; Owner: postgres
--

SELECT pg_catalog.setval('public.accounts_profile_id_seq', 1, true);


--
-- Name: auth_group_id_seq; Type: SEQUENCE SET; Schema: public; Owner: postgres
--

SELECT pg_catalog.setval('public.auth_group_id_seq', 1, false);


--
-- Name: auth_group_permissions_id_seq; Type: SEQUENCE SET; Schema: public; Owner: postgres
--

SELECT pg_catalog.setval('public.auth_group_permissions_id_seq', 1, false);


--
-- Name: auth_permission_id_seq; Type: SEQUENCE SET; Schema: public; Owner: postgres
--

SELECT pg_catalog.setval('public.auth_permission_id_seq', 56, true);


--
-- Name: auth_user_groups_id_seq; Type: SEQUENCE SET; Schema: public; Owner: postgres
--

SELECT pg_catalog.setval('public.auth_user_groups_id_seq', 1, false);


--
-- Name: auth_user_id_seq; Type: SEQUENCE SET; Schema: public; Owner: postgres
--

SELECT pg_catalog.setval('public.auth_user_id_seq', 1, true);


--
-- Name: auth_user_user_permissions_id_seq; Type: SEQUENCE SET; Schema: public; Owner: postgres
--

SELECT pg_catalog.setval('public.auth_user_user_permissions_id_seq', 1, false);


--
-- Name: book_author_id_seq; Type: SEQUENCE SET; Schema: public; Owner: postgres
--

SELECT pg_catalog.setval('public.book_author_id_seq', 1, true);


--
-- Name: book_book_id_seq; Type: SEQUENCE SET; Schema: public; Owner: postgres
--

SELECT pg_catalog.setval('public.book_book_id_seq', 26, true);


--
-- Name: book_catagory_id_seq; Type: SEQUENCE SET; Schema: public; Owner: postgres
--

SELECT pg_catalog.setval('public.book_catagory_id_seq', 1, true);


--
-- Name: book_librarybranch_id_seq; Type: SEQUENCE SET; Schema: public; Owner: postgres
--

SELECT pg_catalog.setval('public.book_librarybranch_id_seq', 2, true);


--
-- Name: book_publisher_id_seq; Type: SEQUENCE SET; Schema: public; Owner: postgres
--

SELECT pg_catalog.setval('public.book_publisher_id_seq', 1, false);


--
-- Name: book_tag_id_seq; Type: SEQUENCE SET; Schema: public; Owner: postgres
--

SELECT pg_catalog.setval('public.book_tag_id_seq', 1, false);


--
-- Name: django_admin_log_id_seq; Type: SEQUENCE SET; Schema: public; Owner: postgres
--

SELECT pg_catalog.setval('public.django_admin_log_id_seq', 6, true);


--
-- Name: django_content_type_id_seq; Type: SEQUENCE SET; Schema: public; Owner: postgres
--

SELECT pg_catalog.setval('public.django_content_type_id_seq', 14, true);


--
-- Name: django_migrations_id_seq; Type: SEQUENCE SET; Schema: public; Owner: postgres
--

SELECT pg_catalog.setval('public.django_migrations_id_seq', 42, true);


--
-- Name: transactions_transaction_id_seq; Type: SEQUENCE SET; Schema: public; Owner: postgres
--

SELECT pg_catalog.setval('public.transactions_transaction_id_seq', 1, false);


--
-- Name: accounts_profile accounts_profile_email_key; Type: CONSTRAINT; Schema: public; Owner: postgres
--

ALTER TABLE ONLY public.accounts_profile
    ADD CONSTRAINT accounts_profile_email_key UNIQUE (email);


--
-- Name: accounts_profile accounts_profile_pkey; Type: CONSTRAINT; Schema: public; Owner: postgres
--

ALTER TABLE ONLY public.accounts_profile
    ADD CONSTRAINT accounts_profile_pkey PRIMARY KEY (id);


--
-- Name: accounts_profile accounts_profile_user_id_key; Type: CONSTRAINT; Schema: public; Owner: postgres
--

ALTER TABLE ONLY public.accounts_profile
    ADD CONSTRAINT accounts_profile_user_id_key UNIQUE (user_id);


--
-- Name: auth_group auth_group_name_key; Type: CONSTRAINT; Schema: public; Owner: postgres
--

ALTER TABLE ONLY public.auth_group
    ADD CONSTRAINT auth_group_name_key UNIQUE (name);


--
-- Name: auth_group_permissions auth_group_permissions_group_id_permission_id_0cd325b0_uniq; Type: CONSTRAINT; Schema: public; Owner: postgres
--

ALTER TABLE ONLY public.auth_group_permissions
    ADD CONSTRAINT auth_group_permissions_group_id_permission_id_0cd325b0_uniq UNIQUE (group_id, permission_id);


--
-- Name: auth_group_permissions auth_group_permissions_pkey; Type: CONSTRAINT; Schema: public; Owner: postgres
--

ALTER TABLE ONLY public.auth_group_permissions
    ADD CONSTRAINT auth_group_permissions_pkey PRIMARY KEY (id);


--
-- Name: auth_group auth_group_pkey; Type: CONSTRAINT; Schema: public; Owner: postgres
--

ALTER TABLE ONLY public.auth_group
    ADD CONSTRAINT auth_group_pkey PRIMARY KEY (id);


--
-- Name: auth_permission auth_permission_content_type_id_codename_01ab375a_uniq; Type: CONSTRAINT; Schema: public; Owner: postgres
--

ALTER TABLE ONLY public.auth_permission
    ADD CONSTRAINT auth_permission_content_type_id_codename_01ab375a_uniq UNIQUE (content_type_id, codename);


--
-- Name: auth_permission auth_permission_pkey; Type: CONSTRAINT; Schema: public; Owner: postgres
--

ALTER TABLE ONLY public.auth_permission
    ADD CONSTRAINT auth_permission_pkey PRIMARY KEY (id);


--
-- Name: auth_user_groups auth_user_groups_pkey; Type: CONSTRAINT; Schema: public; Owner: postgres
--

ALTER TABLE ONLY public.auth_user_groups
    ADD CONSTRAINT auth_user_groups_pkey PRIMARY KEY (id);


--
-- Name: auth_user_groups auth_user_groups_user_id_group_id_94350c0c_uniq; Type: CONSTRAINT; Schema: public; Owner: postgres
--

ALTER TABLE ONLY public.auth_user_groups
    ADD CONSTRAINT auth_user_groups_user_id_group_id_94350c0c_uniq UNIQUE (user_id, group_id);


--
-- Name: auth_user auth_user_pkey; Type: CONSTRAINT; Schema: public; Owner: postgres
--

ALTER TABLE ONLY public.auth_user
    ADD CONSTRAINT auth_user_pkey PRIMARY KEY (id);


--
-- Name: auth_user_user_permissions auth_user_user_permissions_pkey; Type: CONSTRAINT; Schema: public; Owner: postgres
--

ALTER TABLE ONLY public.auth_user_user_permissions
    ADD CONSTRAINT auth_user_user_permissions_pkey PRIMARY KEY (id);


--
-- Name: auth_user_user_permissions auth_user_user_permissions_user_id_permission_id_14a6b632_uniq; Type: CONSTRAINT; Schema: public; Owner: postgres
--

ALTER TABLE ONLY public.auth_user_user_permissions
    ADD CONSTRAINT auth_user_user_permissions_user_id_permission_id_14a6b632_uniq UNIQUE (user_id, permission_id);


--
-- Name: auth_user auth_user_username_key; Type: CONSTRAINT; Schema: public; Owner: postgres
--

ALTER TABLE ONLY public.auth_user
    ADD CONSTRAINT auth_user_username_key UNIQUE (username);


--
-- Name: book_author book_author_pkey; Type: CONSTRAINT; Schema: public; Owner: postgres
--

ALTER TABLE ONLY public.book_author
    ADD CONSTRAINT book_author_pkey PRIMARY KEY (id);


--
-- Name: book_book book_book_pkey; Type: CONSTRAINT; Schema: public; Owner: postgres
--

ALTER TABLE ONLY public.book_book
    ADD CONSTRAINT book_book_pkey PRIMARY KEY (id);


--
-- Name: book_catagory book_catagory_pkey; Type: CONSTRAINT; Schema: public; Owner: postgres
--

ALTER TABLE ONLY public.book_catagory
    ADD CONSTRAINT book_catagory_pkey PRIMARY KEY (id);


--
-- Name: book_catagory book_catagory_slug_key; Type: CONSTRAINT; Schema: public; Owner: postgres
--

ALTER TABLE ONLY public.book_catagory
    ADD CONSTRAINT book_catagory_slug_key UNIQUE (slug);


--
-- Name: book_librarybranch book_librarybranch_pkey; Type: CONSTRAINT; Schema: public; Owner: postgres
--

ALTER TABLE ONLY public.book_librarybranch
    ADD CONSTRAINT book_librarybranch_pkey PRIMARY KEY (id);


--
-- Name: book_publisher book_publisher_pkey; Type: CONSTRAINT; Schema: public; Owner: postgres
--

ALTER TABLE ONLY public.book_publisher
    ADD CONSTRAINT book_publisher_pkey PRIMARY KEY (id);


--
-- Name: book_tag book_tag_pkey; Type: CONSTRAINT; Schema: public; Owner: postgres
--

ALTER TABLE ONLY public.book_tag
    ADD CONSTRAINT book_tag_pkey PRIMARY KEY (id);


--
-- Name: book_tag book_tag_slug_key; Type: CONSTRAINT; Schema: public; Owner: postgres
--

ALTER TABLE ONLY public.book_tag
    ADD CONSTRAINT book_tag_slug_key UNIQUE (slug);


--
-- Name: django_admin_log django_admin_log_pkey; Type: CONSTRAINT; Schema: public; Owner: postgres
--

ALTER TABLE ONLY public.django_admin_log
    ADD CONSTRAINT django_admin_log_pkey PRIMARY KEY (id);


--
-- Name: django_content_type django_content_type_app_label_model_76bd3d3b_uniq; Type: CONSTRAINT; Schema: public; Owner: postgres
--

ALTER TABLE ONLY public.django_content_type
    ADD CONSTRAINT django_content_type_app_label_model_76bd3d3b_uniq UNIQUE (app_label, model);


--
-- Name: django_content_type django_content_type_pkey; Type: CONSTRAINT; Schema: public; Owner: postgres
--

ALTER TABLE ONLY public.django_content_type
    ADD CONSTRAINT django_content_type_pkey PRIMARY KEY (id);


--
-- Name: django_migrations django_migrations_pkey; Type: CONSTRAINT; Schema: public; Owner: postgres
--

ALTER TABLE ONLY public.django_migrations
    ADD CONSTRAINT django_migrations_pkey PRIMARY KEY (id);


--
-- Name: django_session django_session_pkey; Type: CONSTRAINT; Schema: public; Owner: postgres
--

ALTER TABLE ONLY public.django_session
    ADD CONSTRAINT django_session_pkey PRIMARY KEY (session_key);


--
-- Name: transactions_transaction transactions_transaction_pkey; Type: CONSTRAINT; Schema: public; Owner: postgres
--

ALTER TABLE ONLY public.transactions_transaction
    ADD CONSTRAINT transactions_transaction_pkey PRIMARY KEY (id);


--
-- Name: accounts_profile_email_71583453_like; Type: INDEX; Schema: public; Owner: postgres
--

CREATE INDEX accounts_profile_email_71583453_like ON public.accounts_profile USING btree (email varchar_pattern_ops);


--
-- Name: auth_group_name_a6ea08ec_like; Type: INDEX; Schema: public; Owner: postgres
--

CREATE INDEX auth_group_name_a6ea08ec_like ON public.auth_group USING btree (name varchar_pattern_ops);


--
-- Name: auth_group_permissions_group_id_b120cbf9; Type: INDEX; Schema: public; Owner: postgres
--

CREATE INDEX auth_group_permissions_group_id_b120cbf9 ON public.auth_group_permissions USING btree (group_id);


--
-- Name: auth_group_permissions_permission_id_84c5c92e; Type: INDEX; Schema: public; Owner: postgres
--

CREATE INDEX auth_group_permissions_permission_id_84c5c92e ON public.auth_group_permissions USING btree (permission_id);


--
-- Name: auth_permission_content_type_id_2f476e4b; Type: INDEX; Schema: public; Owner: postgres
--

CREATE INDEX auth_permission_content_type_id_2f476e4b ON public.auth_permission USING btree (content_type_id);


--
-- Name: auth_user_groups_group_id_97559544; Type: INDEX; Schema: public; Owner: postgres
--

CREATE INDEX auth_user_groups_group_id_97559544 ON public.auth_user_groups USING btree (group_id);


--
-- Name: auth_user_groups_user_id_6a12ed8b; Type: INDEX; Schema: public; Owner: postgres
--

CREATE INDEX auth_user_groups_user_id_6a12ed8b ON public.auth_user_groups USING btree (user_id);


--
-- Name: auth_user_user_permissions_permission_id_1fbb5f2c; Type: INDEX; Schema: public; Owner: postgres
--

CREATE INDEX auth_user_user_permissions_permission_id_1fbb5f2c ON public.auth_user_user_permissions USING btree (permission_id);


--
-- Name: auth_user_user_permissions_user_id_a95ead1b; Type: INDEX; Schema: public; Owner: postgres
--

CREATE INDEX auth_user_user_permissions_user_id_a95ead1b ON public.auth_user_user_permissions USING btree (user_id);


--
-- Name: auth_user_username_6821ab7c_like; Type: INDEX; Schema: public; Owner: postgres
--

CREATE INDEX auth_user_username_6821ab7c_like ON public.auth_user USING btree (username varchar_pattern_ops);


--
-- Name: book_book_author_id_40846805; Type: INDEX; Schema: public; Owner: postgres
--

CREATE INDEX book_book_author_id_40846805 ON public.book_book USING btree (author_id);


--
-- Name: book_book_library_id_1bbbe3d5; Type: INDEX; Schema: public; Owner: postgres
--

CREATE INDEX book_book_library_id_1bbbe3d5 ON public.book_book USING btree (library_id);


--
-- Name: book_catagory_slug_4d6746d6_like; Type: INDEX; Schema: public; Owner: postgres
--

CREATE INDEX book_catagory_slug_4d6746d6_like ON public.book_catagory USING btree (slug varchar_pattern_ops);


--
-- Name: book_tag_slug_b09bd208_like; Type: INDEX; Schema: public; Owner: postgres
--

CREATE INDEX book_tag_slug_b09bd208_like ON public.book_tag USING btree (slug varchar_pattern_ops);


--
-- Name: django_admin_log_content_type_id_c4bce8eb; Type: INDEX; Schema: public; Owner: postgres
--

CREATE INDEX django_admin_log_content_type_id_c4bce8eb ON public.django_admin_log USING btree (content_type_id);


--
-- Name: django_admin_log_user_id_c564eba6; Type: INDEX; Schema: public; Owner: postgres
--

CREATE INDEX django_admin_log_user_id_c564eba6 ON public.django_admin_log USING btree (user_id);


--
-- Name: django_session_expire_date_a5c62663; Type: INDEX; Schema: public; Owner: postgres
--

CREATE INDEX django_session_expire_date_a5c62663 ON public.django_session USING btree (expire_date);


--
-- Name: django_session_session_key_c0390e0f_like; Type: INDEX; Schema: public; Owner: postgres
--

CREATE INDEX django_session_session_key_c0390e0f_like ON public.django_session USING btree (session_key varchar_pattern_ops);


--
-- Name: accounts_profile accounts_profile_user_id_49a85d32_fk_auth_user_id; Type: FK CONSTRAINT; Schema: public; Owner: postgres
--

ALTER TABLE ONLY public.accounts_profile
    ADD CONSTRAINT accounts_profile_user_id_49a85d32_fk_auth_user_id FOREIGN KEY (user_id) REFERENCES public.auth_user(id) DEFERRABLE INITIALLY DEFERRED;


--
-- Name: auth_group_permissions auth_group_permissio_permission_id_84c5c92e_fk_auth_perm; Type: FK CONSTRAINT; Schema: public; Owner: postgres
--

ALTER TABLE ONLY public.auth_group_permissions
    ADD CONSTRAINT auth_group_permissio_permission_id_84c5c92e_fk_auth_perm FOREIGN KEY (permission_id) REFERENCES public.auth_permission(id) DEFERRABLE INITIALLY DEFERRED;


--
-- Name: auth_group_permissions auth_group_permissions_group_id_b120cbf9_fk_auth_group_id; Type: FK CONSTRAINT; Schema: public; Owner: postgres
--

ALTER TABLE ONLY public.auth_group_permissions
    ADD CONSTRAINT auth_group_permissions_group_id_b120cbf9_fk_auth_group_id FOREIGN KEY (group_id) REFERENCES public.auth_group(id) DEFERRABLE INITIALLY DEFERRED;


--
-- Name: auth_permission auth_permission_content_type_id_2f476e4b_fk_django_co; Type: FK CONSTRAINT; Schema: public; Owner: postgres
--

ALTER TABLE ONLY public.auth_permission
    ADD CONSTRAINT auth_permission_content_type_id_2f476e4b_fk_django_co FOREIGN KEY (content_type_id) REFERENCES public.django_content_type(id) DEFERRABLE INITIALLY DEFERRED;


--
-- Name: auth_user_groups auth_user_groups_group_id_97559544_fk_auth_group_id; Type: FK CONSTRAINT; Schema: public; Owner: postgres
--

ALTER TABLE ONLY public.auth_user_groups
    ADD CONSTRAINT auth_user_groups_group_id_97559544_fk_auth_group_id FOREIGN KEY (group_id) REFERENCES public.auth_group(id) DEFERRABLE INITIALLY DEFERRED;


--
-- Name: auth_user_groups auth_user_groups_user_id_6a12ed8b_fk_auth_user_id; Type: FK CONSTRAINT; Schema: public; Owner: postgres
--

ALTER TABLE ONLY public.auth_user_groups
    ADD CONSTRAINT auth_user_groups_user_id_6a12ed8b_fk_auth_user_id FOREIGN KEY (user_id) REFERENCES public.auth_user(id) DEFERRABLE INITIALLY DEFERRED;


--
-- Name: auth_user_user_permissions auth_user_user_permi_permission_id_1fbb5f2c_fk_auth_perm; Type: FK CONSTRAINT; Schema: public; Owner: postgres
--

ALTER TABLE ONLY public.auth_user_user_permissions
    ADD CONSTRAINT auth_user_user_permi_permission_id_1fbb5f2c_fk_auth_perm FOREIGN KEY (permission_id) REFERENCES public.auth_permission(id) DEFERRABLE INITIALLY DEFERRED;


--
-- Name: auth_user_user_permissions auth_user_user_permissions_user_id_a95ead1b_fk_auth_user_id; Type: FK CONSTRAINT; Schema: public; Owner: postgres
--

ALTER TABLE ONLY public.auth_user_user_permissions
    ADD CONSTRAINT auth_user_user_permissions_user_id_a95ead1b_fk_auth_user_id FOREIGN KEY (user_id) REFERENCES public.auth_user(id) DEFERRABLE INITIALLY DEFERRED;


--
-- Name: book_book book_book_author_id_40846805_fk_book_author_id; Type: FK CONSTRAINT; Schema: public; Owner: postgres
--

ALTER TABLE ONLY public.book_book
    ADD CONSTRAINT book_book_author_id_40846805_fk_book_author_id FOREIGN KEY (author_id) REFERENCES public.book_author(id) DEFERRABLE INITIALLY DEFERRED;


--
-- Name: book_book book_book_library_id_1bbbe3d5_fk_book_librarybranch_id; Type: FK CONSTRAINT; Schema: public; Owner: postgres
--

ALTER TABLE ONLY public.book_book
    ADD CONSTRAINT book_book_library_id_1bbbe3d5_fk_book_librarybranch_id FOREIGN KEY (library_id) REFERENCES public.book_librarybranch(id) DEFERRABLE INITIALLY DEFERRED;


--
-- Name: django_admin_log django_admin_log_content_type_id_c4bce8eb_fk_django_co; Type: FK CONSTRAINT; Schema: public; Owner: postgres
--

ALTER TABLE ONLY public.django_admin_log
    ADD CONSTRAINT django_admin_log_content_type_id_c4bce8eb_fk_django_co FOREIGN KEY (content_type_id) REFERENCES public.django_content_type(id) DEFERRABLE INITIALLY DEFERRED;


--
-- Name: django_admin_log django_admin_log_user_id_c564eba6_fk_auth_user_id; Type: FK CONSTRAINT; Schema: public; Owner: postgres
--

ALTER TABLE ONLY public.django_admin_log
    ADD CONSTRAINT django_admin_log_user_id_c564eba6_fk_auth_user_id FOREIGN KEY (user_id) REFERENCES public.auth_user(id) DEFERRABLE INITIALLY DEFERRED;


--
-- PostgreSQL database dump complete
--

\unrestrict YxqZJnhsbF72QgM5kI7ZNBa96erriDFrUvcOlTUCwfRJDR5gWktkD6v0jum1msv

